-- phpMyAdmin SQL Dump
-- version 5.1.1
-- https://www.phpmyadmin.net/
--
-- Hôte : 127.0.0.1
-- Généré le : mer. 08 déc. 2021 à 10:08
-- Version du serveur : 10.4.21-MariaDB
-- Version de PHP : 7.4.25

SET SQL_MODE = "NO_AUTO_VALUE_ON_ZERO";
START TRANSACTION;
SET time_zone = "+00:00";


/*!40101 SET @OLD_CHARACTER_SET_CLIENT=@@CHARACTER_SET_CLIENT */;
/*!40101 SET @OLD_CHARACTER_SET_RESULTS=@@CHARACTER_SET_RESULTS */;
/*!40101 SET @OLD_COLLATION_CONNECTION=@@COLLATION_CONNECTION */;
/*!40101 SET NAMES utf8mb4 */;

--
-- Base de données : `orderpos`
--

-- --------------------------------------------------------

--
-- Structure de la table `attendance`
--

CREATE TABLE `attendance` (
  `id` bigint(20) UNSIGNED NOT NULL,
  `user_id` bigint(20) UNSIGNED NOT NULL,
  `schedule_id` bigint(20) UNSIGNED NOT NULL,
  `note` varchar(255) COLLATE utf8mb4_unicode_ci NOT NULL,
  `created_at` timestamp NULL DEFAULT NULL,
  `updated_at` timestamp NULL DEFAULT NULL,
  `status` tinyint(4) DEFAULT 0
) ENGINE=InnoDB DEFAULT CHARSET=utf8mb4 COLLATE=utf8mb4_unicode_ci;

--
-- Déchargement des données de la table `attendance`
--

INSERT INTO `attendance` (`id`, `user_id`, `schedule_id`, `note`, `created_at`, `updated_at`, `status`) VALUES
(1, 2, 1, 'báo đồ ca sau', '2021-12-05 01:27:43', '2021-12-05 01:27:43', 1),
(2, 2, 2, 'báo đồ ca sau', '2021-12-05 01:27:43', '2021-12-05 01:27:43', 1),
(3, 2, 3, 'báo đồ ca sau', '2021-12-05 01:27:43', '2021-12-05 01:27:43', 1),
(4, 2, 4, 'báo đồ ca sau', '2021-12-05 01:27:43', '2021-12-05 01:27:43', 1),
(5, 2, 5, 'báo đồ ca sau', '2021-12-05 01:27:43', '2021-12-05 01:27:43', 1),
(6, 2, 6, 'báo đồ ca sau', '2021-12-05 01:27:43', '2021-12-05 01:27:43', 1),
(7, 2, 7, 'báo đồ ca sau', '2021-12-05 01:27:43', '2021-12-05 01:27:43', 1),
(8, 2, 8, 'báo đồ ca sau', '2021-12-05 01:27:43', '2021-12-05 01:27:43', 0),
(9, 2, 9, 'báo đồ ca sau', '2021-12-05 01:27:43', '2021-12-05 01:27:43', 0),
(10, 2, 10, 'báo đồ ca sau', '2021-12-05 01:27:43', '2021-12-05 01:27:43', 0),
(11, 2, 11, 'báo đồ ca sau', '2021-12-05 01:27:43', '2021-12-05 01:27:43', 0),
(12, 2, 12, 'báo đồ ca sau', '2021-12-05 01:27:43', '2021-12-05 01:27:43', 0),
(13, 2, 13, 'báo đồ ca sau', '2021-12-05 01:27:43', '2021-12-05 01:27:43', 0),
(14, 2, 14, 'báo đồ ca sau', '2021-12-05 01:27:43', '2021-12-05 01:27:43', 0),
(15, 2, 15, 'báo đồ ca sau', '2021-12-05 01:27:43', '2021-12-05 01:27:43', 0),
(16, 2, 16, 'báo đồ ca sau', '2021-12-05 01:27:43', '2021-12-05 01:27:43', 0),
(17, 2, 17, 'báo đồ ca sau', '2021-12-05 01:27:43', '2021-12-05 01:27:43', 0),
(18, 2, 18, 'báo đồ ca sau', '2021-12-05 01:27:43', '2021-12-05 01:27:43', 0),
(19, 2, 19, 'báo đồ ca sau', '2021-12-05 01:27:43', '2021-12-05 01:27:43', 0),
(20, 2, 20, 'báo đồ ca sau', '2021-12-05 01:27:43', '2021-12-05 01:27:43', 0),
(21, 2, 21, 'báo đồ ca sau', '2021-12-05 01:27:43', '2021-12-05 01:27:43', 0),
(22, 2, 22, 'báo đồ ca sau', '2021-12-05 01:27:43', '2021-12-05 01:27:43', 0),
(23, 2, 23, 'báo đồ ca sau', '2021-12-05 01:27:43', '2021-12-05 01:27:43', 0),
(24, 2, 24, 'báo đồ ca sau', '2021-12-05 01:27:43', '2021-12-05 01:27:43', 0),
(25, 2, 25, 'báo đồ ca sau', '2021-12-05 01:27:43', '2021-12-05 01:27:43', 0),
(26, 2, 26, 'báo đồ ca sau', '2021-12-05 01:27:43', '2021-12-05 01:27:43', 0),
(27, 2, 27, 'báo đồ ca sau', '2021-12-05 01:27:43', '2021-12-05 01:27:43', 0),
(28, 2, 28, 'báo đồ ca sau', '2021-12-05 01:27:43', '2021-12-05 01:27:43', 0),
(29, 2, 29, 'báo đồ ca sau', '2021-12-05 01:27:43', '2021-12-05 01:27:43', 0),
(30, 2, 30, 'báo đồ ca sau', '2021-12-05 01:27:43', '2021-12-05 01:27:43', 0),
(31, 2, 31, 'báo đồ ca sau', '2021-12-05 01:27:43', '2021-12-05 01:27:43', 0),
(32, 3, 5, 'báo đồ ca sau', '2021-12-05 01:27:43', '2021-12-05 01:27:43', 1),
(33, 4, 32, 'báo đồ ca sau', '2021-12-05 06:25:39', '2021-12-05 06:25:39', 0),
(34, 4, 33, 'báo đồ ca sau', '2021-12-05 06:25:39', '2021-12-05 06:25:39', 0),
(35, 4, 34, 'báo đồ ca sau', '2021-12-05 06:25:39', '2021-12-05 06:25:39', 0),
(36, 4, 35, 'báo đồ ca sau', '2021-12-05 06:25:39', '2021-12-05 06:25:39', 0),
(38, 4, 37, 'báo đồ ca sau', '2021-12-05 06:25:39', '2021-12-05 06:25:39', 1),
(39, 4, 38, 'báo đồ ca sau', '2021-12-05 06:25:39', '2021-12-05 06:25:39', 0),
(40, 4, 39, 'báo đồ ca sau', '2021-12-05 06:25:39', '2021-12-05 06:25:39', 0),
(41, 4, 40, 'báo đồ ca sau', '2021-12-05 06:25:39', '2021-12-05 06:25:39', 0),
(42, 4, 41, 'báo đồ ca sau', '2021-12-05 06:25:39', '2021-12-05 06:25:39', 0),
(43, 4, 42, 'báo đồ ca sau', '2021-12-05 06:25:39', '2021-12-05 06:25:39', 0),
(44, 4, 43, 'báo đồ ca sau', '2021-12-05 06:25:39', '2021-12-05 06:25:39', 0),
(45, 4, 44, 'báo đồ ca sau', '2021-12-05 06:25:39', '2021-12-05 06:25:39', 0),
(46, 4, 45, 'báo đồ ca sau', '2021-12-05 06:25:39', '2021-12-05 06:25:39', 0),
(47, 4, 46, 'báo đồ ca sau', '2021-12-05 06:25:39', '2021-12-05 06:25:39', 0),
(48, 4, 47, 'báo đồ ca sau', '2021-12-05 06:25:39', '2021-12-05 06:25:39', 0),
(49, 4, 48, 'báo đồ ca sau', '2021-12-05 06:25:39', '2021-12-05 06:25:39', 0),
(50, 4, 49, 'báo đồ ca sau', '2021-12-05 06:25:39', '2021-12-05 06:25:39', 0),
(51, 4, 50, 'báo đồ ca sau', '2021-12-05 06:25:39', '2021-12-05 06:25:39', 0),
(52, 4, 51, 'báo đồ ca sau', '2021-12-05 06:25:39', '2021-12-05 06:25:39', 0),
(53, 4, 52, 'báo đồ ca sau', '2021-12-05 06:25:39', '2021-12-05 06:25:39', 0),
(54, 4, 53, 'báo đồ ca sau', '2021-12-05 06:25:39', '2021-12-05 06:25:39', 0),
(55, 4, 54, 'báo đồ ca sau', '2021-12-05 06:25:39', '2021-12-05 06:25:39', 0),
(56, 4, 55, 'báo đồ ca sau', '2021-12-05 06:25:39', '2021-12-05 06:25:39', 0),
(57, 4, 56, 'báo đồ ca sau', '2021-12-05 06:25:39', '2021-12-05 06:25:39', 0),
(58, 4, 57, 'báo đồ ca sau', '2021-12-05 06:25:39', '2021-12-05 06:25:39', 0),
(59, 4, 58, 'báo đồ ca sau', '2021-12-05 06:25:39', '2021-12-05 06:25:39', 0),
(60, 4, 59, 'báo đồ ca sau', '2021-12-05 06:25:39', '2021-12-05 06:25:39', 0),
(61, 4, 60, 'báo đồ ca sau', '2021-12-05 06:25:39', '2021-12-05 06:25:39', 0),
(62, 4, 61, 'báo đồ ca sau', '2021-12-05 06:25:39', '2021-12-05 06:25:39', 0),
(63, 4, 62, 'báo đồ ca sau', '2021-12-05 06:25:39', '2021-12-05 06:25:39', 0),
(64, 4, 63, 'báo đồ ca sau', '2021-12-05 06:25:39', '2021-12-05 06:25:39', 0),
(65, 3, 64, 'báo đồ ca sau', '2021-12-05 06:26:01', '2021-12-05 06:26:01', 0),
(66, 3, 65, 'báo đồ ca sau', '2021-12-05 06:26:01', '2021-12-05 06:26:01', 0),
(67, 3, 66, 'báo đồ ca sau', '2021-12-05 06:26:01', '2021-12-05 06:26:01', 0),
(69, 3, 68, 'báo đồ ca sau', '2021-12-05 06:26:01', '2021-12-05 06:26:01', 0),
(70, 3, 69, 'báo đồ ca sau', '2021-12-05 06:26:01', '2021-12-05 06:26:01', 0),
(71, 3, 70, 'báo đồ ca sau', '2021-12-05 06:26:01', '2021-12-05 06:26:01', 0),
(72, 3, 71, 'báo đồ ca sau', '2021-12-05 06:26:01', '2021-12-05 06:26:01', 0),
(73, 3, 72, 'báo đồ ca sau', '2021-12-05 06:26:01', '2021-12-05 06:26:01', 0),
(74, 3, 73, 'báo đồ ca sau', '2021-12-05 06:26:01', '2021-12-05 06:26:01', 0),
(75, 3, 74, 'báo đồ ca sau', '2021-12-05 06:26:01', '2021-12-05 06:26:01', 0),
(76, 3, 75, 'báo đồ ca sau', '2021-12-05 06:26:02', '2021-12-05 06:26:02', 0),
(77, 3, 76, 'báo đồ ca sau', '2021-12-05 06:26:02', '2021-12-05 06:26:02', 0),
(78, 3, 77, 'báo đồ ca sau', '2021-12-05 06:26:02', '2021-12-05 06:26:02', 0),
(79, 3, 78, 'báo đồ ca sau', '2021-12-05 06:26:02', '2021-12-05 06:26:02', 0),
(80, 3, 79, 'báo đồ ca sau', '2021-12-05 06:26:02', '2021-12-05 06:26:02', 0),
(81, 3, 80, 'báo đồ ca sau', '2021-12-05 06:26:02', '2021-12-05 06:26:02', 0),
(82, 3, 81, 'báo đồ ca sau', '2021-12-05 06:26:02', '2021-12-05 06:26:02', 0),
(83, 3, 82, 'báo đồ ca sau', '2021-12-05 06:26:02', '2021-12-05 06:26:02', 0),
(84, 3, 83, 'báo đồ ca sau', '2021-12-05 06:26:02', '2021-12-05 06:26:02', 0),
(85, 3, 84, 'báo đồ ca sau', '2021-12-05 06:26:02', '2021-12-05 06:26:02', 0),
(86, 3, 85, 'báo đồ ca sau', '2021-12-05 06:26:02', '2021-12-05 06:26:02', 0),
(87, 3, 86, 'báo đồ ca sau', '2021-12-05 06:26:02', '2021-12-05 06:26:02', 0),
(88, 3, 87, 'báo đồ ca sau', '2021-12-05 06:26:02', '2021-12-05 06:26:02', 0),
(89, 3, 88, 'báo đồ ca sau', '2021-12-05 06:26:02', '2021-12-05 06:26:02', 0),
(90, 3, 89, 'báo đồ ca sau', '2021-12-05 06:26:02', '2021-12-05 06:26:02', 0),
(91, 3, 90, 'báo đồ ca sau', '2021-12-05 06:26:02', '2021-12-05 06:26:02', 0),
(92, 3, 91, 'báo đồ ca sau', '2021-12-05 06:26:02', '2021-12-05 06:26:02', 0),
(93, 3, 92, 'báo đồ ca sau', '2021-12-05 06:26:02', '2021-12-05 06:26:02', 0),
(94, 3, 93, 'báo đồ ca sau', '2021-12-05 06:26:02', '2021-12-05 06:26:02', 0),
(96, 5, 64, 'báo đồ ca sau', '2021-12-05 06:26:24', '2021-12-05 06:26:24', 0),
(97, 5, 65, 'báo đồ ca sau', '2021-12-05 06:26:24', '2021-12-05 06:26:24', 0),
(98, 5, 66, 'báo đồ ca sau', '2021-12-05 06:26:24', '2021-12-05 06:26:24', 0),
(99, 5, 67, 'báo đồ ca sau', '2021-12-05 06:26:24', '2021-12-05 06:26:24', 0),
(100, 5, 68, 'báo đồ ca sau', '2021-12-05 06:26:24', '2021-12-05 06:26:24', 0),
(101, 5, 69, 'báo đồ ca sau', '2021-12-05 06:26:24', '2021-12-05 06:26:24', 0),
(102, 5, 70, 'báo đồ ca sau', '2021-12-05 06:26:24', '2021-12-05 06:26:24', 0),
(103, 5, 71, 'báo đồ ca sau', '2021-12-05 06:26:24', '2021-12-05 06:26:24', 0),
(104, 5, 72, 'báo đồ ca sau', '2021-12-05 06:26:24', '2021-12-05 06:26:24', 0),
(105, 5, 73, 'báo đồ ca sau', '2021-12-05 06:26:24', '2021-12-05 06:26:24', 0),
(106, 5, 74, 'báo đồ ca sau', '2021-12-05 06:26:24', '2021-12-05 06:26:24', 0),
(107, 5, 75, 'báo đồ ca sau', '2021-12-05 06:26:24', '2021-12-05 06:26:24', 0),
(108, 5, 76, 'báo đồ ca sau', '2021-12-05 06:26:24', '2021-12-05 06:26:24', 0),
(109, 5, 77, 'báo đồ ca sau', '2021-12-05 06:26:24', '2021-12-05 06:26:24', 0),
(110, 5, 78, 'báo đồ ca sau', '2021-12-05 06:26:24', '2021-12-05 06:26:24', 0),
(111, 5, 79, 'báo đồ ca sau', '2021-12-05 06:26:24', '2021-12-05 06:26:24', 0),
(112, 5, 80, 'báo đồ ca sau', '2021-12-05 06:26:24', '2021-12-05 06:26:24', 0),
(113, 5, 81, 'báo đồ ca sau', '2021-12-05 06:26:24', '2021-12-05 06:26:24', 0),
(114, 5, 82, 'báo đồ ca sau', '2021-12-05 06:26:24', '2021-12-05 06:26:24', 0),
(115, 5, 83, 'báo đồ ca sau', '2021-12-05 06:26:24', '2021-12-05 06:26:24', 0),
(116, 5, 84, 'báo đồ ca sau', '2021-12-05 06:26:24', '2021-12-05 06:26:24', 0),
(117, 5, 85, 'báo đồ ca sau', '2021-12-05 06:26:24', '2021-12-05 06:26:24', 0),
(118, 5, 86, 'báo đồ ca sau', '2021-12-05 06:26:24', '2021-12-05 06:26:24', 0),
(119, 5, 87, 'báo đồ ca sau', '2021-12-05 06:26:24', '2021-12-05 06:26:24', 0),
(120, 5, 88, 'báo đồ ca sau', '2021-12-05 06:26:24', '2021-12-05 06:26:24', 0),
(121, 5, 89, 'báo đồ ca sau', '2021-12-05 06:26:24', '2021-12-05 06:26:24', 0),
(122, 5, 90, 'báo đồ ca sau', '2021-12-05 06:26:24', '2021-12-05 06:26:24', 0),
(123, 5, 91, 'báo đồ ca sau', '2021-12-05 06:26:24', '2021-12-05 06:26:24', 0),
(124, 5, 92, 'báo đồ ca sau', '2021-12-05 06:26:24', '2021-12-05 06:26:24', 0),
(125, 5, 93, 'báo đồ ca sau', '2021-12-05 06:26:24', '2021-12-05 06:26:24', 0),
(127, 5, 64, 'báo đồ ca sau', '2021-12-05 06:27:00', '2021-12-05 06:27:00', 0),
(128, 5, 65, 'báo đồ ca sau', '2021-12-05 06:27:00', '2021-12-05 06:27:00', 0),
(129, 5, 66, 'báo đồ ca sau', '2021-12-05 06:27:00', '2021-12-05 06:27:00', 0),
(131, 5, 68, 'báo đồ ca sau', '2021-12-05 06:27:00', '2021-12-05 06:27:00', 0),
(132, 5, 69, 'báo đồ ca sau', '2021-12-05 06:27:00', '2021-12-05 06:27:00', 0),
(133, 5, 70, 'báo đồ ca sau', '2021-12-05 06:27:00', '2021-12-05 06:27:00', 0),
(134, 5, 71, 'báo đồ ca sau', '2021-12-05 06:27:00', '2021-12-05 06:27:00', 0),
(135, 5, 72, 'báo đồ ca sau', '2021-12-05 06:27:00', '2021-12-05 06:27:00', 0),
(136, 5, 73, 'báo đồ ca sau', '2021-12-05 06:27:00', '2021-12-05 06:27:00', 0),
(137, 5, 74, 'báo đồ ca sau', '2021-12-05 06:27:00', '2021-12-05 06:27:00', 0),
(138, 5, 75, 'báo đồ ca sau', '2021-12-05 06:27:00', '2021-12-05 06:27:00', 0),
(139, 5, 76, 'báo đồ ca sau', '2021-12-05 06:27:00', '2021-12-05 06:27:00', 0),
(140, 5, 77, 'báo đồ ca sau', '2021-12-05 06:27:00', '2021-12-05 06:27:00', 0),
(141, 5, 78, 'báo đồ ca sau', '2021-12-05 06:27:00', '2021-12-05 06:27:00', 0),
(142, 5, 79, 'báo đồ ca sau', '2021-12-05 06:27:00', '2021-12-05 06:27:00', 0),
(143, 5, 80, 'báo đồ ca sau', '2021-12-05 06:27:00', '2021-12-05 06:27:00', 0),
(144, 5, 81, 'báo đồ ca sau', '2021-12-05 06:27:00', '2021-12-05 06:27:00', 0),
(145, 5, 82, 'báo đồ ca sau', '2021-12-05 06:27:00', '2021-12-05 06:27:00', 0),
(146, 5, 83, 'báo đồ ca sau', '2021-12-05 06:27:00', '2021-12-05 06:27:00', 0),
(147, 5, 84, 'báo đồ ca sau', '2021-12-05 06:27:00', '2021-12-05 06:27:00', 0),
(148, 5, 85, 'báo đồ ca sau', '2021-12-05 06:27:00', '2021-12-05 06:27:00', 0),
(149, 5, 86, 'báo đồ ca sau', '2021-12-05 06:27:00', '2021-12-05 06:27:00', 0),
(150, 5, 87, 'báo đồ ca sau', '2021-12-05 06:27:00', '2021-12-05 06:27:00', 0),
(151, 5, 88, 'báo đồ ca sau', '2021-12-05 06:27:00', '2021-12-05 06:27:00', 0),
(152, 5, 89, 'báo đồ ca sau', '2021-12-05 06:27:00', '2021-12-05 06:27:00', 0),
(153, 5, 90, 'báo đồ ca sau', '2021-12-05 06:27:00', '2021-12-05 06:27:00', 0),
(154, 5, 91, 'báo đồ ca sau', '2021-12-05 06:27:00', '2021-12-05 06:27:00', 0),
(155, 5, 92, 'báo đồ ca sau', '2021-12-05 06:27:00', '2021-12-05 06:27:00', 0),
(156, 5, 93, 'báo đồ ca sau', '2021-12-05 06:27:00', '2021-12-05 06:27:00', 0),
(157, 2, 36, 'dọn bar', NULL, '2021-12-05 09:10:40', 0),
(163, 3, 6, 'lau dọn sạch sẽ', NULL, '2021-12-06 01:03:43', 1);

-- --------------------------------------------------------

--
-- Structure de la table `category_menu`
--

CREATE TABLE `category_menu` (
  `id` bigint(20) UNSIGNED NOT NULL,
  `name` varchar(255) COLLATE utf8mb4_unicode_ci NOT NULL,
  `created_at` timestamp NULL DEFAULT NULL,
  `updated_at` timestamp NULL DEFAULT NULL,
  `status` tinyint(4) DEFAULT 1
) ENGINE=InnoDB DEFAULT CHARSET=utf8mb4 COLLATE=utf8mb4_unicode_ci;

--
-- Déchargement des données de la table `category_menu`
--

INSERT INTO `category_menu` (`id`, `name`, `created_at`, `updated_at`, `status`) VALUES
(1, 'Món Khai Vị', '2021-12-03 06:06:06', '2021-12-07 06:19:29', 1),
(2, 'Món Soup', '2021-12-03 06:06:06', '2021-12-03 06:06:06', 1),
(3, 'Món chính', '2021-12-06 09:21:57', '2021-12-06 09:21:57', 1),
(4, 'Món tráng miệng(Hoa quả)', '2021-12-06 09:22:14', '2021-12-06 09:43:54', 0),
(5, 'Chè thập cẩm', '2021-12-06 09:22:20', '2021-12-06 13:10:21', 1),
(6, 'Đồ uống', '2021-12-06 09:22:30', '2021-12-06 09:22:30', 1),
(11, 'Rượu', '2021-12-06 10:55:12', '2021-12-06 10:55:12', 1),
(12, 'Đào', '2021-12-06 10:55:22', '2021-12-06 10:55:22', 0);

-- --------------------------------------------------------

--
-- Structure de la table `customer`
--

CREATE TABLE `customer` (
  `id` bigint(20) UNSIGNED NOT NULL,
  `name` varchar(250) COLLATE utf8mb4_unicode_ci NOT NULL,
  `phone` varchar(20) COLLATE utf8mb4_unicode_ci NOT NULL,
  `note` varchar(250) COLLATE utf8mb4_unicode_ci NOT NULL,
  `status` tinyint(4) NOT NULL DEFAULT 1,
  `created_at` timestamp NULL DEFAULT NULL,
  `updated_at` timestamp NULL DEFAULT NULL
) ENGINE=InnoDB DEFAULT CHARSET=utf8mb4 COLLATE=utf8mb4_unicode_ci;

--
-- Déchargement des données de la table `customer`
--

INSERT INTO `customer` (`id`, `name`, `phone`, `note`, `status`, `created_at`, `updated_at`) VALUES
(1, 'Khách vãng lai', '', 'khách vãng lai', 1, '2021-12-06 22:42:41', '2021-12-06 22:42:41'),
(2, 'Khúc Thanh Thản', '074653723', 'hay đi cùng gia đình', 1, '2021-12-06 22:42:41', '2021-12-06 22:42:41'),
(3, 'Nguyễn Thị Phương', '095876234', 'thích đi một mình !', 0, '2021-12-06 22:51:47', '2021-12-06 23:07:39');

-- --------------------------------------------------------

--
-- Structure de la table `failed_jobs`
--

CREATE TABLE `failed_jobs` (
  `id` bigint(20) UNSIGNED NOT NULL,
  `uuid` varchar(255) COLLATE utf8mb4_unicode_ci NOT NULL,
  `connection` text COLLATE utf8mb4_unicode_ci NOT NULL,
  `queue` text COLLATE utf8mb4_unicode_ci NOT NULL,
  `payload` longtext COLLATE utf8mb4_unicode_ci NOT NULL,
  `exception` longtext COLLATE utf8mb4_unicode_ci NOT NULL,
  `failed_at` timestamp NOT NULL DEFAULT current_timestamp()
) ENGINE=InnoDB DEFAULT CHARSET=utf8mb4 COLLATE=utf8mb4_unicode_ci;

-- --------------------------------------------------------

--
-- Structure de la table `migrations`
--

CREATE TABLE `migrations` (
  `id` int(10) UNSIGNED NOT NULL,
  `migration` varchar(255) COLLATE utf8mb4_unicode_ci NOT NULL,
  `batch` int(11) NOT NULL
) ENGINE=InnoDB DEFAULT CHARSET=utf8mb4 COLLATE=utf8mb4_unicode_ci;

--
-- Déchargement des données de la table `migrations`
--

INSERT INTO `migrations` (`id`, `migration`, `batch`) VALUES
(1, '2014_10_12_000000_create_users_table', 1),
(2, '2014_10_12_100000_create_password_resets_table', 1),
(3, '2019_08_19_000000_create_failed_jobs_table', 1),
(4, '2019_12_14_000001_create_personal_access_tokens_table', 1),
(5, '2021_12_02_121335_create_tables_table', 2),
(7, '2021_12_03_083215_add_type_to_users_table', 3),
(8, '2021_12_03_125803_create_category_menu_table', 4),
(10, '2021_12_03_130826_create_product_table', 5),
(11, '2021_12_04_002559_add_updateinfo_to_users_table', 6),
(12, '2021_12_05_073404_create_schedule_table', 7),
(13, '2021_12_05_080529_create_attendance_table', 8),
(15, '2021_12_05_191259_create_salary_table', 9),
(17, '2021_12_07_052631_create_customer_table', 10),
(20, '2021_12_08_102420_create_orders_tables', 11),
(21, '2021_12_08_104219_create_order_details_table', 12);

-- --------------------------------------------------------

--
-- Structure de la table `orders_tables`
--

CREATE TABLE `orders_tables` (
  `id` bigint(20) UNSIGNED NOT NULL,
  `customer_id` bigint(20) UNSIGNED DEFAULT NULL,
  `table_id` bigint(20) UNSIGNED NOT NULL,
  `result_money` int(11) NOT NULL,
  `discount` int(11) NOT NULL,
  `customer_money` int(11) DEFAULT NULL,
  `back_money` int(11) NOT NULL,
  `created_at` timestamp NULL DEFAULT NULL,
  `updated_at` timestamp NULL DEFAULT NULL
) ENGINE=InnoDB DEFAULT CHARSET=utf8mb4 COLLATE=utf8mb4_unicode_ci;

--
-- Déchargement des données de la table `orders_tables`
--

INSERT INTO `orders_tables` (`id`, `customer_id`, `table_id`, `result_money`, `discount`, `customer_money`, `back_money`, `created_at`, `updated_at`) VALUES
(3, 1, 1, 297000, 10, 500000, 203000, '2021-12-08 05:37:30', '2021-12-08 05:37:30'),
(4, 2, 1, 230000, 0, 300000, 70000, '2021-12-08 05:41:14', '2021-12-08 05:41:14'),
(5, 1, 2, 198000, 10, 200000, 2000, '2021-12-08 05:59:33', '2021-12-08 05:59:33'),
(6, 1, 1, 350000, 0, 350000, 0, '2021-12-08 06:00:35', '2021-12-08 06:00:35'),
(7, 1, 2, 680000, 0, 1000000, 320000, '2021-12-08 06:01:42', '2021-12-08 06:01:42'),
(8, 1, 2, 680000, 0, 1000000, 320000, '2021-12-08 06:06:29', '2021-12-08 06:06:29'),
(9, 3, 2, 4779000, 10, 5000000, 221000, '2021-12-08 06:10:40', '2021-12-08 06:10:40'),
(10, 1, 2, 50000, 0, 50000, 0, '2021-12-08 06:13:17', '2021-12-08 06:13:17'),
(11, 1, 2, 50000, 0, 50000, 0, '2021-12-08 06:13:57', '2021-12-08 06:13:57'),
(12, 1, 2, 50000, 0, 50000, 0, '2021-12-08 06:15:28', '2021-12-08 06:15:28'),
(13, 1, 2, 270000, 0, 300000, 30000, '2021-12-08 06:16:08', '2021-12-08 06:16:08'),
(14, 1, 2, 270000, 0, 500000, 230000, '2021-12-08 06:18:19', '2021-12-08 06:18:19'),
(15, 1, 2, 270000, 0, 300000, 30000, '2021-12-08 06:19:25', '2021-12-08 06:19:25'),
(16, 1, 2, 270000, 0, 1000000, 730000, '2021-12-08 06:20:33', '2021-12-08 06:20:33'),
(17, 1, 1, 350000, 0, 400000, 50000, '2021-12-08 06:21:08', '2021-12-08 06:21:08'),
(18, 1, 1, 120000, 0, 200000, 80000, '2021-12-08 06:21:30', '2021-12-08 06:21:30'),
(19, 1, 2, 270000, 0, 400000, 130000, '2021-12-08 06:23:12', '2021-12-08 06:23:12'),
(20, 1, 2, 192500, 50, 200000, 7500, '2021-12-08 06:25:41', '2021-12-08 06:25:41'),
(21, 1, 2, 192500, 50, 195000, 2500, '2021-12-08 06:26:04', '2021-12-08 06:26:04'),
(22, 1, 2, 38500, 90, 40000, 1500, '2021-12-08 06:27:11', '2021-12-08 06:27:11'),
(23, 1, 2, 346500, 10, 500000, 153500, '2021-12-08 06:28:01', '2021-12-08 06:28:01'),
(24, 1, 2, 385000, 0, 500000, 115000, '2021-12-08 06:28:53', '2021-12-08 06:28:53'),
(25, 1, 3, 220000, 0, 300000, 80000, '2021-12-08 06:29:54', '2021-12-08 06:29:54'),
(26, 1, 1, 300000, 0, 300000, 0, '2021-12-08 06:30:41', '2021-12-08 06:30:41'),
(27, 1, 2, 113850, 1, 400000, 286150, '2021-12-08 06:31:59', '2021-12-08 06:31:59'),
(28, 1, 2, 115000, 0, 200000, 85000, '2021-12-08 06:33:02', '2021-12-08 06:33:02'),
(29, 1, 3, 8800, 99, 10000, 1200, '2021-12-08 06:33:27', '2021-12-08 06:33:27');

-- --------------------------------------------------------

--
-- Structure de la table `order_details`
--

CREATE TABLE `order_details` (
  `id` bigint(20) UNSIGNED NOT NULL,
  `order_id` bigint(20) UNSIGNED NOT NULL,
  `product_id` bigint(20) UNSIGNED NOT NULL,
  `price` int(11) NOT NULL,
  `num` int(11) NOT NULL,
  `created_at` timestamp NULL DEFAULT NULL,
  `updated_at` timestamp NULL DEFAULT NULL
) ENGINE=InnoDB DEFAULT CHARSET=utf8mb4 COLLATE=utf8mb4_unicode_ci;

--
-- Déchargement des données de la table `order_details`
--

INSERT INTO `order_details` (`id`, `order_id`, `product_id`, `price`, `num`, `created_at`, `updated_at`) VALUES
(1, 3, 20, 115000, 2, '2021-12-08 05:37:30', '2021-12-08 05:37:30'),
(2, 3, 19, 50000, 2, '2021-12-08 05:37:30', '2021-12-08 05:37:30'),
(3, 4, 20, 115000, 2, '2021-12-08 05:41:14', '2021-12-08 05:41:14'),
(4, 5, 18, 90000, 1, '2021-12-08 05:59:33', '2021-12-08 05:59:33'),
(5, 5, 17, 130000, 1, '2021-12-08 05:59:33', '2021-12-08 05:59:33'),
(6, 6, 20, 115000, 2, '2021-12-08 06:00:35', '2021-12-08 06:00:35'),
(7, 6, 15, 120000, 1, '2021-12-08 06:00:35', '2021-12-08 06:00:35'),
(8, 7, 18, 90000, 3, '2021-12-08 06:01:42', '2021-12-08 06:01:42'),
(9, 7, 17, 130000, 1, '2021-12-08 06:01:42', '2021-12-08 06:01:42'),
(10, 7, 16, 140000, 2, '2021-12-08 06:01:42', '2021-12-08 06:01:42'),
(11, 8, 18, 90000, 3, '2021-12-08 06:06:29', '2021-12-08 06:06:29'),
(12, 8, 17, 130000, 1, '2021-12-08 06:06:29', '2021-12-08 06:06:29'),
(13, 8, 16, 140000, 2, '2021-12-08 06:06:29', '2021-12-08 06:06:29'),
(14, 9, 18, 90000, 3, '2021-12-08 06:10:40', '2021-12-08 06:10:40'),
(15, 9, 17, 130000, 1, '2021-12-08 06:10:40', '2021-12-08 06:10:40'),
(16, 9, 16, 140000, 2, '2021-12-08 06:10:40', '2021-12-08 06:10:40'),
(17, 9, 5, 500000, 3, '2021-12-08 06:10:41', '2021-12-08 06:10:41'),
(18, 9, 7, 490000, 2, '2021-12-08 06:10:41', '2021-12-08 06:10:41'),
(19, 9, 4, 600000, 3, '2021-12-08 06:10:41', '2021-12-08 06:10:41'),
(20, 9, 1, 350000, 1, '2021-12-08 06:10:41', '2021-12-08 06:10:41'),
(21, 10, 11, 50000, 1, '2021-12-08 06:13:17', '2021-12-08 06:13:17'),
(22, 11, 11, 50000, 1, '2021-12-08 06:13:57', '2021-12-08 06:13:57'),
(23, 12, 11, 50000, 1, '2021-12-08 06:15:28', '2021-12-08 06:15:28'),
(24, 13, 11, 50000, 1, '2021-12-08 06:16:08', '2021-12-08 06:16:08'),
(25, 13, 6, 220000, 1, '2021-12-08 06:16:08', '2021-12-08 06:16:08'),
(26, 14, 11, 50000, 1, '2021-12-08 06:18:19', '2021-12-08 06:18:19'),
(27, 14, 6, 220000, 1, '2021-12-08 06:18:19', '2021-12-08 06:18:19'),
(28, 15, 11, 50000, 1, '2021-12-08 06:19:25', '2021-12-08 06:19:25'),
(29, 15, 6, 220000, 1, '2021-12-08 06:19:25', '2021-12-08 06:19:25'),
(30, 16, 11, 50000, 1, '2021-12-08 06:20:33', '2021-12-08 06:20:33'),
(31, 16, 6, 220000, 1, '2021-12-08 06:20:33', '2021-12-08 06:20:33'),
(32, 17, 20, 115000, 2, '2021-12-08 06:21:08', '2021-12-08 06:21:08'),
(33, 17, 15, 120000, 1, '2021-12-08 06:21:08', '2021-12-08 06:21:08'),
(34, 18, 15, 120000, 1, '2021-12-08 06:21:30', '2021-12-08 06:21:30'),
(35, 19, 11, 50000, 1, '2021-12-08 06:23:12', '2021-12-08 06:23:12'),
(36, 19, 6, 220000, 1, '2021-12-08 06:23:12', '2021-12-08 06:23:12'),
(37, 20, 11, 50000, 1, '2021-12-08 06:25:41', '2021-12-08 06:25:41'),
(38, 20, 6, 220000, 1, '2021-12-08 06:25:41', '2021-12-08 06:25:41'),
(39, 20, 20, 115000, 1, '2021-12-08 06:25:41', '2021-12-08 06:25:41'),
(40, 21, 11, 50000, 1, '2021-12-08 06:26:04', '2021-12-08 06:26:04'),
(41, 21, 6, 220000, 1, '2021-12-08 06:26:04', '2021-12-08 06:26:04'),
(42, 21, 20, 115000, 1, '2021-12-08 06:26:04', '2021-12-08 06:26:04'),
(43, 22, 11, 50000, 1, '2021-12-08 06:27:11', '2021-12-08 06:27:11'),
(44, 22, 6, 220000, 1, '2021-12-08 06:27:11', '2021-12-08 06:27:11'),
(45, 22, 20, 115000, 1, '2021-12-08 06:27:11', '2021-12-08 06:27:11'),
(46, 23, 11, 50000, 1, '2021-12-08 06:28:01', '2021-12-08 06:28:01'),
(47, 23, 6, 220000, 1, '2021-12-08 06:28:01', '2021-12-08 06:28:01'),
(48, 23, 20, 115000, 1, '2021-12-08 06:28:01', '2021-12-08 06:28:01'),
(49, 24, 11, 50000, 1, '2021-12-08 06:28:53', '2021-12-08 06:28:53'),
(50, 24, 6, 220000, 1, '2021-12-08 06:28:53', '2021-12-08 06:28:53'),
(51, 24, 20, 115000, 1, '2021-12-08 06:28:53', '2021-12-08 06:28:53'),
(52, 25, 6, 220000, 1, '2021-12-08 06:29:54', '2021-12-08 06:29:54'),
(53, 26, 8, 300000, 1, '2021-12-08 06:30:41', '2021-12-08 06:30:41'),
(54, 27, 20, 115000, 1, '2021-12-08 06:31:59', '2021-12-08 06:31:59'),
(55, 28, 20, 115000, 1, '2021-12-08 06:33:02', '2021-12-08 06:33:02'),
(56, 29, 6, 220000, 4, '2021-12-08 06:33:27', '2021-12-08 06:33:27');

-- --------------------------------------------------------

--
-- Structure de la table `password_resets`
--

CREATE TABLE `password_resets` (
  `email` varchar(255) COLLATE utf8mb4_unicode_ci NOT NULL,
  `token` varchar(255) COLLATE utf8mb4_unicode_ci NOT NULL,
  `created_at` timestamp NULL DEFAULT NULL
) ENGINE=InnoDB DEFAULT CHARSET=utf8mb4 COLLATE=utf8mb4_unicode_ci;

-- --------------------------------------------------------

--
-- Structure de la table `personal_access_tokens`
--

CREATE TABLE `personal_access_tokens` (
  `id` bigint(20) UNSIGNED NOT NULL,
  `tokenable_type` varchar(255) COLLATE utf8mb4_unicode_ci NOT NULL,
  `tokenable_id` bigint(20) UNSIGNED NOT NULL,
  `name` varchar(255) COLLATE utf8mb4_unicode_ci NOT NULL,
  `token` varchar(64) COLLATE utf8mb4_unicode_ci NOT NULL,
  `abilities` text COLLATE utf8mb4_unicode_ci DEFAULT NULL,
  `last_used_at` timestamp NULL DEFAULT NULL,
  `created_at` timestamp NULL DEFAULT NULL,
  `updated_at` timestamp NULL DEFAULT NULL
) ENGINE=InnoDB DEFAULT CHARSET=utf8mb4 COLLATE=utf8mb4_unicode_ci;

-- --------------------------------------------------------

--
-- Structure de la table `product`
--

CREATE TABLE `product` (
  `id` bigint(20) UNSIGNED NOT NULL,
  `name` varchar(50) COLLATE utf8mb4_unicode_ci NOT NULL,
  `user_id` bigint(20) UNSIGNED NOT NULL,
  `category_id` bigint(20) UNSIGNED NOT NULL,
  `price` int(11) NOT NULL,
  `thumbnail` varchar(500) COLLATE utf8mb4_unicode_ci NOT NULL,
  `description` longtext COLLATE utf8mb4_unicode_ci NOT NULL,
  `created_at` timestamp NULL DEFAULT NULL,
  `updated_at` timestamp NULL DEFAULT NULL,
  `status` tinyint(4) DEFAULT 1
) ENGINE=InnoDB DEFAULT CHARSET=utf8mb4 COLLATE=utf8mb4_unicode_ci;

--
-- Déchargement des données de la table `product`
--

INSERT INTO `product` (`id`, `name`, `user_id`, `category_id`, `price`, `thumbnail`, `description`, `created_at`, `updated_at`, `status`) VALUES
(1, 'Gỏi Củ Hủ Dừa', 1, 1, 350000, 'JWzVi9u304jCG0NJKkOThs1vY4KmQ7sNFGXeB8du.jpg', 'gỏi dừa', '2021-12-03 06:43:35', '2021-12-06 13:11:54', 1),
(4, 'Xò huyết tứ xuyên', 1, 1, 600000, 'ZcEC7JDDzRVd22YD3beyOmBJAXEoO7AWMxg7pWiY.jpg', 'xò huyết đến từ tứ xuyên', '2021-12-06 13:19:28', '2021-12-06 13:19:28', 1),
(5, 'Sườn kinh đô', 1, 1, 500000, 'NBxUMFCjxqHuLdV4F7OUyjz3X4FXu3C83ZGdtzE3.jpg', 'sườn nướng chua ngọt', '2021-12-06 13:26:43', '2021-12-06 13:26:43', 1),
(6, 'Thịt Nguội Bát Bửu', 1, 1, 220000, 'wciIDmJNU18krN5MV8JHyY31qnTFsm4sJgb7OoGo.jpg', 'chả lụa, giò thủ,..', '2021-12-07 03:09:57', '2021-12-08 06:09:31', 1),
(7, 'Càng cua bách hoa', 1, 1, 490000, 'rwLvVrOPNfF2jfBufsCGjmYqN5tdPb6C4lXVy72N.jpg', 'thịt xay, thịt cua, thịt tôm …', '2021-12-07 03:10:32', '2021-12-07 03:10:32', 1),
(8, 'Dồi Trường Hấp Hành Gừng', 1, 1, 300000, 'wX8qGxnR5wqZJDKEVW4VNGbIGwLHTFf0xdNthhaV.jpg', 'dồi trường', '2021-12-07 03:11:55', '2021-12-08 06:09:43', 1),
(9, 'Gà Xào Hạt Điều', 1, 1, 260000, 'M7uaEaupIi71NCX9itkmcRPBdL4h5eIZx1e6HKjK.jpg', 'gà,hạt điều', '2021-12-07 03:12:44', '2021-12-07 03:12:44', 1),
(10, 'Khoai tây chiên', 1, 1, 50000, '4tnpRHHI5l9BeSLmKdiRuSYoutINyherTXm8DZ4C.jpg', 'khoai tây', '2021-12-07 03:14:33', '2021-12-07 03:14:33', 1),
(11, 'Ngô chiên', 1, 1, 50000, 'zlS8isSxjas2Twpo91YFFmLD380HcrU2WsIGQ6oW.png', 'ngô nếp', '2021-12-07 03:14:58', '2021-12-07 03:14:58', 1),
(12, 'Nộm rau tiến vua', 1, 1, 100000, 'uro0Fmz7ObwIPuJzXHsUfoOLLGvrXwQPfcevvr0v.jpg', 'rau,salad', '2021-12-07 03:15:44', '2021-12-07 03:15:44', 1),
(13, 'Salad', 1, 1, 100000, 'h5Vjcv9vLodBTV3FlT4ZYPrmBHBoHpVcoFCDVBU1.jpg', 'rau,củ,quả', '2021-12-07 03:16:28', '2021-12-07 03:16:28', 1),
(14, 'Ngọn Su Su Xào Tỏi', 1, 1, 150000, 'eKBFWruNx7A7aK3QBTew2QNEu9eYiZzASHgmPwoB.jpg', 'su su,tỏi', '2021-12-07 03:17:28', '2021-12-07 03:17:28', 1),
(15, 'Rau củ quả luộc', 1, 1, 120000, 'Uc7N9w3VKsUIjgFrHgYmqC3D4nsVYkbBSyl8tMOG.jpg', 'rau củ tươi', '2021-12-07 03:17:58', '2021-12-07 03:47:36', 1),
(16, 'Súp gà nấm', 1, 2, 140000, 'mGAF4188yUrDcuNxB8xRpKCbWTVnO8YUa382Ld0H.jpg', 'gà,nấm', '2021-12-07 07:31:23', '2021-12-07 07:31:23', 1),
(17, 'Súp cua', 1, 2, 130000, 'BoQAUqtDUlHdBgfJjUH2jNfTZcQYI8ihFNJuw76Q.jpg', 'cua đồng', '2021-12-07 07:31:49', '2021-12-07 07:31:49', 1),
(18, 'Súp hải sản', 1, 2, 90000, 'Gjgz1pEaBsQPj0UWQfk8hBNPhfQrNf9DjFfwZUwy.jpg', 'hải sản', '2021-12-07 07:32:28', '2021-12-07 07:32:28', 1),
(19, 'Súp ghẹ nấm đồng', 1, 2, 50000, 'nxifQnXSF985IxvlHLHvGRSZs2Eia9kKs8tWD6IN.jpg', 'ghẹ', '2021-12-07 07:33:00', '2021-12-07 07:33:00', 1),
(20, 'Súp gà thuốc bắc', 1, 1, 115000, '0rctQjqzTEBYMCpUmf0d2MI9CqGZr1y8jgfJSHyu.jpg', 'gà,thuốc bắc', '2021-12-07 07:33:36', '2021-12-07 07:33:36', 1);

-- --------------------------------------------------------

--
-- Structure de la table `salary`
--

CREATE TABLE `salary` (
  `id` bigint(20) UNSIGNED NOT NULL,
  `user_id` bigint(20) UNSIGNED NOT NULL,
  `worktime` int(11) NOT NULL,
  `wage` int(11) NOT NULL,
  `bonus` int(11) NOT NULL,
  `total` int(11) NOT NULL,
  `status` tinyint(4) NOT NULL,
  `created_at` timestamp NULL DEFAULT NULL,
  `updated_at` timestamp NULL DEFAULT NULL
) ENGINE=InnoDB DEFAULT CHARSET=utf8mb4 COLLATE=utf8mb4_unicode_ci;

--
-- Déchargement des données de la table `salary`
--

INSERT INTO `salary` (`id`, `user_id`, `worktime`, `wage`, `bonus`, `total`, `status`, `created_at`, `updated_at`) VALUES
(2, 2, 60, 10, 0, 600000, 1, NULL, '2021-12-06 00:30:07'),
(3, 2, 60, 10, 0, 600000, 1, NULL, '2021-12-06 00:43:18'),
(36, 2, 24, 1, 0, 24000, 0, NULL, '2021-12-06 06:57:21'),
(37, 2, 24, 1, 0, 24000, 0, NULL, '2021-12-06 06:57:43'),
(38, 2, 24, 1, 0, 24000, 0, NULL, '2021-12-06 06:59:11'),
(39, 3, 8, 2, 0, 16000, 0, NULL, '2021-12-06 06:59:18'),
(40, 2, 24, 100, 100, 2500000, 1, NULL, '2021-12-06 07:00:57');

-- --------------------------------------------------------

--
-- Structure de la table `schedule`
--

CREATE TABLE `schedule` (
  `id` bigint(20) UNSIGNED NOT NULL,
  `datework` date NOT NULL,
  `starttime` double(8,2) NOT NULL,
  `endtime` double(8,2) NOT NULL,
  `status` tinyint(4) NOT NULL,
  `note` varchar(250) COLLATE utf8mb4_unicode_ci NOT NULL,
  `created_at` timestamp NULL DEFAULT NULL,
  `updated_at` timestamp NULL DEFAULT NULL
) ENGINE=InnoDB DEFAULT CHARSET=utf8mb4 COLLATE=utf8mb4_unicode_ci;

--
-- Déchargement des données de la table `schedule`
--

INSERT INTO `schedule` (`id`, `datework`, `starttime`, `endtime`, `status`, `note`, `created_at`, `updated_at`) VALUES
(1, '2021-12-01', 8.00, 12.00, 0, 'Chuẩn bị đồ ăn kĩ,lau chùi bàn ghế sạch sẽ', '2021-12-05 01:20:34', '2021-12-05 01:20:34'),
(2, '2021-12-02', 8.00, 12.00, 0, 'Chuẩn bị đồ ăn kĩ,lau chùi bàn ghế sạch sẽ', '2021-12-05 01:20:34', '2021-12-05 01:20:34'),
(3, '2021-12-03', 8.00, 12.00, 0, 'Chuẩn bị đồ ăn kĩ,lau chùi bàn ghế sạch sẽ', '2021-12-05 01:20:34', '2021-12-05 01:20:34'),
(4, '2021-12-04', 8.00, 12.00, 0, 'Chuẩn bị đồ ăn kĩ,lau chùi bàn ghế sạch sẽ', '2021-12-05 01:20:34', '2021-12-05 01:20:34'),
(5, '2021-12-05', 8.00, 12.00, 0, 'Chuẩn bị đồ ăn kĩ,lau chùi bàn ghế sạch sẽ', '2021-12-05 01:20:34', '2021-12-05 01:20:34'),
(6, '2021-12-06', 8.00, 12.00, 0, 'Chuẩn bị đồ ăn kĩ,lau chùi bàn ghế sạch sẽ', '2021-12-05 01:20:34', '2021-12-05 01:20:34'),
(7, '2021-12-07', 8.00, 12.00, 0, 'Chuẩn bị đồ ăn kĩ,lau chùi bàn ghế sạch sẽ', '2021-12-05 01:20:34', '2021-12-05 01:20:34'),
(8, '2021-12-08', 8.00, 12.00, 0, 'Chuẩn bị đồ ăn kĩ,lau chùi bàn ghế sạch sẽ', '2021-12-05 01:20:34', '2021-12-05 01:20:34'),
(9, '2021-12-09', 8.00, 12.00, 0, 'Chuẩn bị đồ ăn kĩ,lau chùi bàn ghế sạch sẽ', '2021-12-05 01:20:34', '2021-12-05 01:20:34'),
(10, '2021-12-10', 8.00, 12.00, 0, 'Chuẩn bị đồ ăn kĩ,lau chùi bàn ghế sạch sẽ', '2021-12-05 01:20:34', '2021-12-05 01:20:34'),
(11, '2021-12-11', 8.00, 12.00, 0, 'Chuẩn bị đồ ăn kĩ,lau chùi bàn ghế sạch sẽ', '2021-12-05 01:20:34', '2021-12-05 01:20:34'),
(12, '2021-12-12', 8.00, 12.00, 0, 'Chuẩn bị đồ ăn kĩ,lau chùi bàn ghế sạch sẽ', '2021-12-05 01:20:34', '2021-12-05 01:20:34'),
(13, '2021-12-13', 8.00, 12.00, 0, 'Chuẩn bị đồ ăn kĩ,lau chùi bàn ghế sạch sẽ', '2021-12-05 01:20:34', '2021-12-05 01:20:34'),
(14, '2021-12-14', 8.00, 12.00, 0, 'Chuẩn bị đồ ăn kĩ,lau chùi bàn ghế sạch sẽ', '2021-12-05 01:20:34', '2021-12-05 01:20:34'),
(15, '2021-12-15', 8.00, 12.00, 0, 'Chuẩn bị đồ ăn kĩ,lau chùi bàn ghế sạch sẽ', '2021-12-05 01:20:34', '2021-12-05 01:20:34'),
(16, '2021-12-16', 8.00, 12.00, 0, 'Chuẩn bị đồ ăn kĩ,lau chùi bàn ghế sạch sẽ', '2021-12-05 01:20:34', '2021-12-05 01:20:34'),
(17, '2021-12-17', 8.00, 12.00, 0, 'Chuẩn bị đồ ăn kĩ,lau chùi bàn ghế sạch sẽ', '2021-12-05 01:20:34', '2021-12-05 01:20:34'),
(18, '2021-12-18', 8.00, 12.00, 0, 'Chuẩn bị đồ ăn kĩ,lau chùi bàn ghế sạch sẽ', '2021-12-05 01:20:34', '2021-12-05 01:20:34'),
(19, '2021-12-19', 8.00, 12.00, 0, 'Chuẩn bị đồ ăn kĩ,lau chùi bàn ghế sạch sẽ', '2021-12-05 01:20:34', '2021-12-05 01:20:34'),
(20, '2021-12-20', 8.00, 12.00, 0, 'Chuẩn bị đồ ăn kĩ,lau chùi bàn ghế sạch sẽ', '2021-12-05 01:20:34', '2021-12-05 01:20:34'),
(21, '2021-12-21', 8.00, 12.00, 0, 'Chuẩn bị đồ ăn kĩ,lau chùi bàn ghế sạch sẽ', '2021-12-05 01:20:34', '2021-12-05 01:20:34'),
(22, '2021-12-22', 8.00, 12.00, 0, 'Chuẩn bị đồ ăn kĩ,lau chùi bàn ghế sạch sẽ', '2021-12-05 01:20:34', '2021-12-05 01:20:34'),
(23, '2021-12-23', 8.00, 12.00, 0, 'Chuẩn bị đồ ăn kĩ,lau chùi bàn ghế sạch sẽ', '2021-12-05 01:20:34', '2021-12-05 01:20:34'),
(24, '2021-12-24', 8.00, 12.00, 0, 'Chuẩn bị đồ ăn kĩ,lau chùi bàn ghế sạch sẽ', '2021-12-05 01:20:34', '2021-12-05 01:20:34'),
(25, '2021-12-25', 8.00, 12.00, 0, 'Chuẩn bị đồ ăn kĩ,lau chùi bàn ghế sạch sẽ', '2021-12-05 01:20:34', '2021-12-05 01:20:34'),
(26, '2021-12-26', 8.00, 12.00, 0, 'Chuẩn bị đồ ăn kĩ,lau chùi bàn ghế sạch sẽ', '2021-12-05 01:20:34', '2021-12-05 01:20:34'),
(27, '2021-12-27', 8.00, 12.00, 0, 'Chuẩn bị đồ ăn kĩ,lau chùi bàn ghế sạch sẽ', '2021-12-05 01:20:34', '2021-12-05 01:20:34'),
(28, '2021-12-28', 8.00, 12.00, 0, 'Chuẩn bị đồ ăn kĩ,lau chùi bàn ghế sạch sẽ', '2021-12-05 01:20:34', '2021-12-05 01:20:34'),
(29, '2021-12-29', 8.00, 12.00, 0, 'Chuẩn bị đồ ăn kĩ,lau chùi bàn ghế sạch sẽ', '2021-12-05 01:20:34', '2021-12-05 01:20:34'),
(30, '2021-12-30', 8.00, 12.00, 0, 'Chuẩn bị đồ ăn kĩ,lau chùi bàn ghế sạch sẽ', '2021-12-05 01:20:35', '2021-12-05 01:20:35'),
(31, '2021-12-31', 8.00, 12.00, 0, 'Chuẩn bị đồ ăn kĩ,lau chùi bàn ghế sạch sẽ', '2021-12-05 01:20:35', '2021-12-05 01:20:35'),
(32, '2021-12-01', 14.00, 18.00, 0, 'Chuẩn bị đồ ăn kĩ,lau chùi bàn ghế sạch sẽ', '2021-12-05 06:24:52', '2021-12-05 06:24:52'),
(33, '2021-12-02', 14.00, 18.00, 0, 'Chuẩn bị đồ ăn kĩ,lau chùi bàn ghế sạch sẽ', '2021-12-05 06:24:52', '2021-12-05 06:24:52'),
(34, '2021-12-03', 14.00, 18.00, 0, 'Chuẩn bị đồ ăn kĩ,lau chùi bàn ghế sạch sẽ', '2021-12-05 06:24:52', '2021-12-05 06:24:52'),
(35, '2021-12-04', 14.00, 18.00, 0, 'Chuẩn bị đồ ăn kĩ,lau chùi bàn ghế sạch sẽ', '2021-12-05 06:24:52', '2021-12-05 06:24:52'),
(36, '2021-12-05', 14.00, 18.00, 0, 'Chuẩn bị đồ ăn kĩ,lau chùi bàn ghế sạch sẽ', '2021-12-05 06:24:52', '2021-12-05 06:24:52'),
(37, '2021-12-06', 14.00, 18.00, 0, 'Chuẩn bị đồ ăn kĩ,lau chùi bàn ghế sạch sẽ', '2021-12-05 06:24:52', '2021-12-05 06:24:52'),
(38, '2021-12-07', 14.00, 18.00, 0, 'Chuẩn bị đồ ăn kĩ,lau chùi bàn ghế sạch sẽ', '2021-12-05 06:24:52', '2021-12-05 06:24:52'),
(39, '2021-12-08', 14.00, 18.00, 0, 'Chuẩn bị đồ ăn kĩ,lau chùi bàn ghế sạch sẽ', '2021-12-05 06:24:52', '2021-12-05 06:24:52'),
(40, '2021-12-09', 14.00, 18.00, 0, 'Chuẩn bị đồ ăn kĩ,lau chùi bàn ghế sạch sẽ', '2021-12-05 06:24:52', '2021-12-05 06:24:52'),
(41, '2021-12-10', 14.00, 18.00, 0, 'Chuẩn bị đồ ăn kĩ,lau chùi bàn ghế sạch sẽ', '2021-12-05 06:24:52', '2021-12-05 06:24:52'),
(42, '2021-12-11', 14.00, 18.00, 0, 'Chuẩn bị đồ ăn kĩ,lau chùi bàn ghế sạch sẽ', '2021-12-05 06:24:52', '2021-12-05 06:24:52'),
(43, '2021-12-12', 14.00, 18.00, 0, 'Chuẩn bị đồ ăn kĩ,lau chùi bàn ghế sạch sẽ', '2021-12-05 06:24:52', '2021-12-05 06:24:52'),
(44, '2021-12-13', 14.00, 18.00, 0, 'Chuẩn bị đồ ăn kĩ,lau chùi bàn ghế sạch sẽ', '2021-12-05 06:24:52', '2021-12-05 06:24:52'),
(45, '2021-12-14', 14.00, 18.00, 0, 'Chuẩn bị đồ ăn kĩ,lau chùi bàn ghế sạch sẽ', '2021-12-05 06:24:52', '2021-12-05 06:24:52'),
(46, '2021-12-15', 14.00, 18.00, 0, 'Chuẩn bị đồ ăn kĩ,lau chùi bàn ghế sạch sẽ', '2021-12-05 06:24:52', '2021-12-05 06:24:52'),
(47, '2021-12-16', 14.00, 18.00, 0, 'Chuẩn bị đồ ăn kĩ,lau chùi bàn ghế sạch sẽ', '2021-12-05 06:24:52', '2021-12-05 06:24:52'),
(48, '2021-12-17', 14.00, 18.00, 0, 'Chuẩn bị đồ ăn kĩ,lau chùi bàn ghế sạch sẽ', '2021-12-05 06:24:52', '2021-12-05 06:24:52'),
(49, '2021-12-18', 14.00, 18.00, 0, 'Chuẩn bị đồ ăn kĩ,lau chùi bàn ghế sạch sẽ', '2021-12-05 06:24:52', '2021-12-05 06:24:52'),
(50, '2021-12-19', 14.00, 18.00, 0, 'Chuẩn bị đồ ăn kĩ,lau chùi bàn ghế sạch sẽ', '2021-12-05 06:24:52', '2021-12-05 06:24:52'),
(51, '2021-12-20', 14.00, 18.00, 0, 'Chuẩn bị đồ ăn kĩ,lau chùi bàn ghế sạch sẽ', '2021-12-05 06:24:52', '2021-12-05 06:24:52'),
(52, '2021-12-21', 14.00, 18.00, 0, 'Chuẩn bị đồ ăn kĩ,lau chùi bàn ghế sạch sẽ', '2021-12-05 06:24:52', '2021-12-05 06:24:52'),
(53, '2021-12-22', 14.00, 18.00, 0, 'Chuẩn bị đồ ăn kĩ,lau chùi bàn ghế sạch sẽ', '2021-12-05 06:24:52', '2021-12-05 06:24:52'),
(54, '2021-12-23', 14.00, 18.00, 0, 'Chuẩn bị đồ ăn kĩ,lau chùi bàn ghế sạch sẽ', '2021-12-05 06:24:52', '2021-12-05 06:24:52'),
(55, '2021-12-24', 14.00, 18.00, 0, 'Chuẩn bị đồ ăn kĩ,lau chùi bàn ghế sạch sẽ', '2021-12-05 06:24:52', '2021-12-05 06:24:52'),
(56, '2021-12-25', 14.00, 18.00, 0, 'Chuẩn bị đồ ăn kĩ,lau chùi bàn ghế sạch sẽ', '2021-12-05 06:24:52', '2021-12-05 06:24:52'),
(57, '2021-12-26', 14.00, 18.00, 0, 'Chuẩn bị đồ ăn kĩ,lau chùi bàn ghế sạch sẽ', '2021-12-05 06:24:52', '2021-12-05 06:24:52'),
(58, '2021-12-27', 14.00, 18.00, 0, 'Chuẩn bị đồ ăn kĩ,lau chùi bàn ghế sạch sẽ', '2021-12-05 06:24:52', '2021-12-05 06:24:52'),
(59, '2021-12-28', 14.00, 18.00, 0, 'Chuẩn bị đồ ăn kĩ,lau chùi bàn ghế sạch sẽ', '2021-12-05 06:24:52', '2021-12-05 06:24:52'),
(60, '2021-12-29', 14.00, 18.00, 0, 'Chuẩn bị đồ ăn kĩ,lau chùi bàn ghế sạch sẽ', '2021-12-05 06:24:52', '2021-12-05 06:24:52'),
(61, '2021-12-30', 14.00, 18.00, 0, 'Chuẩn bị đồ ăn kĩ,lau chùi bàn ghế sạch sẽ', '2021-12-05 06:24:52', '2021-12-05 06:24:52'),
(62, '2021-12-31', 14.00, 18.00, 0, 'Chuẩn bị đồ ăn kĩ,lau chùi bàn ghế sạch sẽ', '2021-12-05 06:24:52', '2021-12-05 06:24:52'),
(63, '2021-12-01', 18.00, 22.00, 0, 'Chuẩn bị đồ ăn kĩ,lau chùi bàn ghế sạch sẽ', '2021-12-05 06:25:04', '2021-12-05 06:25:04'),
(64, '2021-12-02', 18.00, 22.00, 0, 'Chuẩn bị đồ ăn kĩ,lau chùi bàn ghế sạch sẽ', '2021-12-05 06:25:04', '2021-12-05 06:25:04'),
(65, '2021-12-03', 18.00, 22.00, 0, 'Chuẩn bị đồ ăn kĩ,lau chùi bàn ghế sạch sẽ', '2021-12-05 06:25:04', '2021-12-05 06:25:04'),
(66, '2021-12-04', 18.00, 22.00, 0, 'Chuẩn bị đồ ăn kĩ,lau chùi bàn ghế sạch sẽ', '2021-12-05 06:25:04', '2021-12-05 06:25:04'),
(67, '2021-12-05', 18.00, 22.00, 0, 'Chuẩn bị đồ ăn kĩ,lau chùi bàn ghế sạch sẽ', '2021-12-05 06:25:04', '2021-12-05 06:25:04'),
(68, '2021-12-06', 18.00, 22.00, 0, 'Chuẩn bị đồ ăn kĩ,lau chùi bàn ghế sạch sẽ', '2021-12-05 06:25:04', '2021-12-05 06:25:04'),
(69, '2021-12-07', 18.00, 22.00, 0, 'Chuẩn bị đồ ăn kĩ,lau chùi bàn ghế sạch sẽ', '2021-12-05 06:25:04', '2021-12-05 06:25:04'),
(70, '2021-12-08', 18.00, 22.00, 0, 'Chuẩn bị đồ ăn kĩ,lau chùi bàn ghế sạch sẽ', '2021-12-05 06:25:04', '2021-12-05 06:25:04'),
(71, '2021-12-09', 18.00, 22.00, 0, 'Chuẩn bị đồ ăn kĩ,lau chùi bàn ghế sạch sẽ', '2021-12-05 06:25:04', '2021-12-05 06:25:04'),
(72, '2021-12-10', 18.00, 22.00, 0, 'Chuẩn bị đồ ăn kĩ,lau chùi bàn ghế sạch sẽ', '2021-12-05 06:25:04', '2021-12-05 06:25:04'),
(73, '2021-12-11', 18.00, 22.00, 0, 'Chuẩn bị đồ ăn kĩ,lau chùi bàn ghế sạch sẽ', '2021-12-05 06:25:04', '2021-12-05 06:25:04'),
(74, '2021-12-12', 18.00, 22.00, 0, 'Chuẩn bị đồ ăn kĩ,lau chùi bàn ghế sạch sẽ', '2021-12-05 06:25:04', '2021-12-05 06:25:04'),
(75, '2021-12-13', 18.00, 22.00, 0, 'Chuẩn bị đồ ăn kĩ,lau chùi bàn ghế sạch sẽ', '2021-12-05 06:25:04', '2021-12-05 06:25:04'),
(76, '2021-12-14', 18.00, 22.00, 0, 'Chuẩn bị đồ ăn kĩ,lau chùi bàn ghế sạch sẽ', '2021-12-05 06:25:04', '2021-12-05 06:25:04'),
(77, '2021-12-15', 18.00, 22.00, 0, 'Chuẩn bị đồ ăn kĩ,lau chùi bàn ghế sạch sẽ', '2021-12-05 06:25:04', '2021-12-05 06:25:04'),
(78, '2021-12-16', 18.00, 22.00, 0, 'Chuẩn bị đồ ăn kĩ,lau chùi bàn ghế sạch sẽ', '2021-12-05 06:25:04', '2021-12-05 06:25:04'),
(79, '2021-12-17', 18.00, 22.00, 0, 'Chuẩn bị đồ ăn kĩ,lau chùi bàn ghế sạch sẽ', '2021-12-05 06:25:04', '2021-12-05 06:25:04'),
(80, '2021-12-18', 18.00, 22.00, 0, 'Chuẩn bị đồ ăn kĩ,lau chùi bàn ghế sạch sẽ', '2021-12-05 06:25:04', '2021-12-05 06:25:04'),
(81, '2021-12-19', 18.00, 22.00, 0, 'Chuẩn bị đồ ăn kĩ,lau chùi bàn ghế sạch sẽ', '2021-12-05 06:25:04', '2021-12-05 06:25:04'),
(82, '2021-12-20', 18.00, 22.00, 0, 'Chuẩn bị đồ ăn kĩ,lau chùi bàn ghế sạch sẽ', '2021-12-05 06:25:04', '2021-12-05 06:25:04'),
(83, '2021-12-21', 18.00, 22.00, 0, 'Chuẩn bị đồ ăn kĩ,lau chùi bàn ghế sạch sẽ', '2021-12-05 06:25:04', '2021-12-05 06:25:04'),
(84, '2021-12-22', 18.00, 22.00, 0, 'Chuẩn bị đồ ăn kĩ,lau chùi bàn ghế sạch sẽ', '2021-12-05 06:25:04', '2021-12-05 06:25:04'),
(85, '2021-12-23', 18.00, 22.00, 0, 'Chuẩn bị đồ ăn kĩ,lau chùi bàn ghế sạch sẽ', '2021-12-05 06:25:04', '2021-12-05 06:25:04'),
(86, '2021-12-24', 18.00, 22.00, 0, 'Chuẩn bị đồ ăn kĩ,lau chùi bàn ghế sạch sẽ', '2021-12-05 06:25:04', '2021-12-05 06:25:04'),
(87, '2021-12-25', 18.00, 22.00, 0, 'Chuẩn bị đồ ăn kĩ,lau chùi bàn ghế sạch sẽ', '2021-12-05 06:25:04', '2021-12-05 06:25:04'),
(88, '2021-12-26', 18.00, 22.00, 0, 'Chuẩn bị đồ ăn kĩ,lau chùi bàn ghế sạch sẽ', '2021-12-05 06:25:04', '2021-12-05 06:25:04'),
(89, '2021-12-27', 18.00, 22.00, 0, 'Chuẩn bị đồ ăn kĩ,lau chùi bàn ghế sạch sẽ', '2021-12-05 06:25:04', '2021-12-05 06:25:04'),
(90, '2021-12-28', 18.00, 22.00, 0, 'Chuẩn bị đồ ăn kĩ,lau chùi bàn ghế sạch sẽ', '2021-12-05 06:25:04', '2021-12-05 06:25:04'),
(91, '2021-12-29', 18.00, 22.00, 0, 'Chuẩn bị đồ ăn kĩ,lau chùi bàn ghế sạch sẽ', '2021-12-05 06:25:04', '2021-12-05 06:25:04'),
(92, '2021-12-30', 18.00, 22.00, 0, 'Chuẩn bị đồ ăn kĩ,lau chùi bàn ghế sạch sẽ', '2021-12-05 06:25:04', '2021-12-05 06:25:04'),
(93, '2021-12-31', 18.00, 22.00, 0, 'Chuẩn bị đồ ăn kĩ,lau chùi bàn ghế sạch sẽ', '2021-12-05 06:25:04', '2021-12-05 06:25:04');

-- --------------------------------------------------------

--
-- Structure de la table `tables`
--

CREATE TABLE `tables` (
  `id` bigint(20) UNSIGNED NOT NULL,
  `name` varchar(20) COLLATE utf8mb4_unicode_ci NOT NULL,
  `people_number` tinyint(4) NOT NULL,
  `status` tinyint(4) NOT NULL,
  `created_at` timestamp NULL DEFAULT NULL,
  `updated_at` timestamp NULL DEFAULT NULL
) ENGINE=InnoDB DEFAULT CHARSET=utf8mb4 COLLATE=utf8mb4_unicode_ci;

--
-- Déchargement des données de la table `tables`
--

INSERT INTO `tables` (`id`, `name`, `people_number`, `status`, `created_at`, `updated_at`) VALUES
(1, 'Bàn 1', 6, 0, '2021-12-03 02:30:04', '2021-12-03 02:30:04'),
(2, 'Bàn 2', 6, 0, '2021-12-03 02:30:04', '2021-12-03 02:30:04'),
(3, 'Bàn 3', 6, 0, '2021-12-03 02:30:04', '2021-12-03 02:30:04'),
(4, 'Bàn 4', 6, 0, '2021-12-03 02:30:04', '2021-12-03 02:30:04'),
(5, 'Bàn 5', 10, 0, '2021-12-03 02:30:04', '2021-12-03 02:30:04'),
(6, 'Bàn 6', 10, 1, '2021-12-03 02:30:04', '2021-12-03 02:30:04'),
(7, 'Bàn 7', 15, 0, '2021-12-03 02:30:04', '2021-12-06 23:45:55'),
(8, 'Bàn 8', 20, 0, '2021-12-03 02:30:04', '2021-12-03 02:30:04'),
(9, 'Bàn 9', 6, 0, '2021-12-06 23:45:27', '2021-12-06 23:45:27');

-- --------------------------------------------------------

--
-- Structure de la table `users`
--

CREATE TABLE `users` (
  `id` bigint(20) UNSIGNED NOT NULL,
  `name` varchar(255) COLLATE utf8mb4_unicode_ci NOT NULL,
  `email` varchar(255) COLLATE utf8mb4_unicode_ci NOT NULL,
  `email_verified_at` timestamp NULL DEFAULT NULL,
  `password` varchar(255) COLLATE utf8mb4_unicode_ci NOT NULL,
  `remember_token` varchar(100) COLLATE utf8mb4_unicode_ci DEFAULT NULL,
  `created_at` timestamp NULL DEFAULT NULL,
  `updated_at` timestamp NULL DEFAULT NULL,
  `type` tinyint(4) NOT NULL DEFAULT 2,
  `phone` varchar(20) COLLATE utf8mb4_unicode_ci NOT NULL,
  `address` varchar(255) COLLATE utf8mb4_unicode_ci NOT NULL,
  `avatar` varchar(500) COLLATE utf8mb4_unicode_ci NOT NULL,
  `status` tinyint(4) NOT NULL DEFAULT 0
) ENGINE=InnoDB DEFAULT CHARSET=utf8mb4 COLLATE=utf8mb4_unicode_ci;

--
-- Déchargement des données de la table `users`
--

INSERT INTO `users` (`id`, `name`, `email`, `email_verified_at`, `password`, `remember_token`, `created_at`, `updated_at`, `type`, `phone`, `address`, `avatar`, `status`) VALUES
(1, 'Nguyễn Quang Trường', 'truongisgay5@gmail.com', NULL, '$2y$10$ZA7bnfML7T3uILs0WrcuFOKYMVBolZdIGnJ0Gp9eybIFUbYPJVdo6', 'shO4IS4esP90NRwWgljeJgA0O3KLkoafhs9jzf7VxIaocwE5iNwXaUefeE7M', '2021-12-02 04:14:02', '2021-12-07 22:23:57', 1, '0368869690', 'Thái Bình', '2gA2c2cLpdQ5vct6Cjf2fNMWt2UEIiY0htziWgPY.jpg', 1),
(2, 'Nguyễn Thị Thư Thanh', 'thunt@gmail.com', NULL, '$2y$10$b9oZ66/SCantWtjC0SLf4eJ8gsUSFEappeQ9BF83TeamIlOj761Pe', NULL, '2021-12-01 01:37:38', '2021-12-07 03:56:10', 2, '098752934', '27 Khuất Duy Tiến,Thanh Xuân,Hà Nội', 'BlXiPxQhOzm0SjDREnY9k0cu88varua4kIJ5TWZn.png', 0),
(3, 'Trần Thanh Phương', 'phuongtt@gmail.com', NULL, '$2y$10$.IQylRRN6eHlyKKRca.bhepefn5SI7DperSt1JdZXCAMNZ15bSQge', NULL, '2021-12-01 09:54:45', '2021-12-06 07:08:33', 2, '0354362332', 'Hà Đông,Hà Nội', 'dcSrTJppl5yvELSgSP6gc9s0g1oO9kAfHkgoJqef.jpg', 0),
(4, 'Trần Văn Điệp', 'dieptv@gmail.com', NULL, '$2y$10$fGg6Mfmjt0zQZYnPEIIfI.8qT61hN9nzwdJgO6uFZol68onhyErC6', NULL, '2021-12-01 09:58:20', '2021-12-06 07:08:00', 2, '0438568374', 'Hà Nội', 'QiQGqyhsMRrKZCvzE4keM5z4NEYvIihB7cfHFRdl.jpg', 0),
(5, 'Lương Thị Thanh', 'thnaahlt@gmail.com', NULL, '$2y$10$yhWWojEVbrLgmO1YgYn0CegMgqblAzgVrIUEmYpxs4U4TFiG8x70.', NULL, '2021-12-01 10:27:41', '2021-12-05 12:03:39', 2, '045846723', '124 VInh Tuy,Hai Ba Trung,Ha Noi', 'woyBTMnU2hJotLsHMtKfS6ttRhvPYxum7fek02Fz.jpg', 0),
(6, 'Lê Ngọc Lý', 'lengocly@gmail.com', NULL, '12345678', NULL, '2021-12-01 13:13:16', '2021-12-04 13:13:16', 2, '095784324', 'Bắc Giang', 'So045fJZexpGgzjwzvinpHDNmTXKwiJVsUfLde43.jpg', 0),
(7, 'Trần Thu Hà', 'thuha@gmail.com', NULL, '12345678', NULL, '2021-12-01 13:14:38', '2021-12-06 01:04:17', 2, '058346378', 'Hà Tây', 'ClCW8MWdG9PSAsTt9FrAYyYBdREzLnoKYeiySxZg.jpg', 2);

--
-- Index pour les tables déchargées
--

--
-- Index pour la table `attendance`
--
ALTER TABLE `attendance`
  ADD PRIMARY KEY (`id`),
  ADD KEY `attendance_user_id_foreign` (`user_id`),
  ADD KEY `attendance_schedule_id_foreign` (`schedule_id`);

--
-- Index pour la table `category_menu`
--
ALTER TABLE `category_menu`
  ADD PRIMARY KEY (`id`);

--
-- Index pour la table `customer`
--
ALTER TABLE `customer`
  ADD PRIMARY KEY (`id`),
  ADD UNIQUE KEY `customer_phone_unique` (`phone`);

--
-- Index pour la table `failed_jobs`
--
ALTER TABLE `failed_jobs`
  ADD PRIMARY KEY (`id`),
  ADD UNIQUE KEY `failed_jobs_uuid_unique` (`uuid`);

--
-- Index pour la table `migrations`
--
ALTER TABLE `migrations`
  ADD PRIMARY KEY (`id`);

--
-- Index pour la table `orders_tables`
--
ALTER TABLE `orders_tables`
  ADD PRIMARY KEY (`id`),
  ADD KEY `orders_tables_customer_id_foreign` (`customer_id`),
  ADD KEY `orders_tables_table_id_foreign` (`table_id`);

--
-- Index pour la table `order_details`
--
ALTER TABLE `order_details`
  ADD PRIMARY KEY (`id`),
  ADD KEY `order_details_order_id_foreign` (`order_id`),
  ADD KEY `order_details_product_id_foreign` (`product_id`);

--
-- Index pour la table `password_resets`
--
ALTER TABLE `password_resets`
  ADD KEY `password_resets_email_index` (`email`);

--
-- Index pour la table `personal_access_tokens`
--
ALTER TABLE `personal_access_tokens`
  ADD PRIMARY KEY (`id`),
  ADD UNIQUE KEY `personal_access_tokens_token_unique` (`token`),
  ADD KEY `personal_access_tokens_tokenable_type_tokenable_id_index` (`tokenable_type`,`tokenable_id`);

--
-- Index pour la table `product`
--
ALTER TABLE `product`
  ADD PRIMARY KEY (`id`),
  ADD KEY `product_user_id_foreign` (`user_id`),
  ADD KEY `product_category_id_foreign` (`category_id`);

--
-- Index pour la table `salary`
--
ALTER TABLE `salary`
  ADD PRIMARY KEY (`id`),
  ADD KEY `salary_user_id_foreign` (`user_id`);

--
-- Index pour la table `schedule`
--
ALTER TABLE `schedule`
  ADD PRIMARY KEY (`id`);

--
-- Index pour la table `tables`
--
ALTER TABLE `tables`
  ADD PRIMARY KEY (`id`);

--
-- Index pour la table `users`
--
ALTER TABLE `users`
  ADD PRIMARY KEY (`id`),
  ADD UNIQUE KEY `users_email_unique` (`email`);

--
-- AUTO_INCREMENT pour les tables déchargées
--

--
-- AUTO_INCREMENT pour la table `attendance`
--
ALTER TABLE `attendance`
  MODIFY `id` bigint(20) UNSIGNED NOT NULL AUTO_INCREMENT, AUTO_INCREMENT=164;

--
-- AUTO_INCREMENT pour la table `category_menu`
--
ALTER TABLE `category_menu`
  MODIFY `id` bigint(20) UNSIGNED NOT NULL AUTO_INCREMENT, AUTO_INCREMENT=14;

--
-- AUTO_INCREMENT pour la table `customer`
--
ALTER TABLE `customer`
  MODIFY `id` bigint(20) UNSIGNED NOT NULL AUTO_INCREMENT, AUTO_INCREMENT=5;

--
-- AUTO_INCREMENT pour la table `failed_jobs`
--
ALTER TABLE `failed_jobs`
  MODIFY `id` bigint(20) UNSIGNED NOT NULL AUTO_INCREMENT;

--
-- AUTO_INCREMENT pour la table `migrations`
--
ALTER TABLE `migrations`
  MODIFY `id` int(10) UNSIGNED NOT NULL AUTO_INCREMENT, AUTO_INCREMENT=22;

--
-- AUTO_INCREMENT pour la table `orders_tables`
--
ALTER TABLE `orders_tables`
  MODIFY `id` bigint(20) UNSIGNED NOT NULL AUTO_INCREMENT, AUTO_INCREMENT=30;

--
-- AUTO_INCREMENT pour la table `order_details`
--
ALTER TABLE `order_details`
  MODIFY `id` bigint(20) UNSIGNED NOT NULL AUTO_INCREMENT, AUTO_INCREMENT=57;

--
-- AUTO_INCREMENT pour la table `personal_access_tokens`
--
ALTER TABLE `personal_access_tokens`
  MODIFY `id` bigint(20) UNSIGNED NOT NULL AUTO_INCREMENT;

--
-- AUTO_INCREMENT pour la table `product`
--
ALTER TABLE `product`
  MODIFY `id` bigint(20) UNSIGNED NOT NULL AUTO_INCREMENT, AUTO_INCREMENT=21;

--
-- AUTO_INCREMENT pour la table `salary`
--
ALTER TABLE `salary`
  MODIFY `id` bigint(20) UNSIGNED NOT NULL AUTO_INCREMENT, AUTO_INCREMENT=41;

--
-- AUTO_INCREMENT pour la table `schedule`
--
ALTER TABLE `schedule`
  MODIFY `id` bigint(20) UNSIGNED NOT NULL AUTO_INCREMENT, AUTO_INCREMENT=94;

--
-- AUTO_INCREMENT pour la table `tables`
--
ALTER TABLE `tables`
  MODIFY `id` bigint(20) UNSIGNED NOT NULL AUTO_INCREMENT, AUTO_INCREMENT=11;

--
-- AUTO_INCREMENT pour la table `users`
--
ALTER TABLE `users`
  MODIFY `id` bigint(20) UNSIGNED NOT NULL AUTO_INCREMENT, AUTO_INCREMENT=8;

--
-- Contraintes pour les tables déchargées
--

--
-- Contraintes pour la table `attendance`
--
ALTER TABLE `attendance`
  ADD CONSTRAINT `attendance_schedule_id_foreign` FOREIGN KEY (`schedule_id`) REFERENCES `schedule` (`id`),
  ADD CONSTRAINT `attendance_user_id_foreign` FOREIGN KEY (`user_id`) REFERENCES `users` (`id`);

--
-- Contraintes pour la table `orders_tables`
--
ALTER TABLE `orders_tables`
  ADD CONSTRAINT `orders_tables_customer_id_foreign` FOREIGN KEY (`customer_id`) REFERENCES `customer` (`id`),
  ADD CONSTRAINT `orders_tables_table_id_foreign` FOREIGN KEY (`table_id`) REFERENCES `tables` (`id`);

--
-- Contraintes pour la table `order_details`
--
ALTER TABLE `order_details`
  ADD CONSTRAINT `order_details_order_id_foreign` FOREIGN KEY (`order_id`) REFERENCES `orders_tables` (`id`),
  ADD CONSTRAINT `order_details_product_id_foreign` FOREIGN KEY (`product_id`) REFERENCES `product` (`id`);

--
-- Contraintes pour la table `product`
--
ALTER TABLE `product`
  ADD CONSTRAINT `product_category_id_foreign` FOREIGN KEY (`category_id`) REFERENCES `category_menu` (`id`),
  ADD CONSTRAINT `product_user_id_foreign` FOREIGN KEY (`user_id`) REFERENCES `users` (`id`);

--
-- Contraintes pour la table `salary`
--
ALTER TABLE `salary`
  ADD CONSTRAINT `salary_user_id_foreign` FOREIGN KEY (`user_id`) REFERENCES `users` (`id`);
COMMIT;

/*!40101 SET CHARACTER_SET_CLIENT=@OLD_CHARACTER_SET_CLIENT */;
/*!40101 SET CHARACTER_SET_RESULTS=@OLD_CHARACTER_SET_RESULTS */;
/*!40101 SET COLLATION_CONNECTION=@OLD_COLLATION_CONNECTION */;
